{
    "gamma": [
        1000.0,
        1584.893192461114,
        2511.886431509582,
        3981.0717055349774,
        6309.573444801943,
        10000.00000000002,
        15848.931924611174,
        25118.864315095874
    ],
    "total_utility": [
        10312.592201277663,
        13296.715216084871,
        17412.100478495366,
        21084.385611078123,
        26377.932602395675,
        28635.779055676445,
        30512.774638269253,
        37434.995404445246
    ],
    "t_stop": [
        2157.135,
        2781.306,
        3642.022,
        4410.196,
        5516.803,
        5989.86,
        6381.969,
        7830.119
    ],
    "average_u": [
        4.764831916087554,
        4.768756588740519,
        4.766748439597894,
        4.773319238255948,
        4.770469174761562,
        4.7712023502875125,
        4.775086825468951,
        4.777414698143404
    ],
    "average congestion": [
        255789377.45546454,
        255828749.00528473,
        255837096.6349988,
        255800754.34206092,
        255813700.5361022,
        255834712.1864998,
        255744243.1201559,
        255775054.07437286
    ],
    "average_loss": [
        366.0909409507973,
        362.16626829782695,
        364.1744174404406,
        357.60361878238,
        360.4536822767514,
        359.7205067507977,
        355.83603156935294,
        353.5081588948882
    ]
}