{
    "gamma": [
        1000.0,
        1584.893192461114,
        2511.886431509582,
        3981.0717055349774,
        6309.573444801943,
        10000.00000000002,
        15848.931924611174,
        25118.864315095874
    ],
    "total_utility": [
        146.3740914793414,
        160.6759844911503,
        165.10467771197494,
        179.2026105492065,
        188.91302299823542,
        205.42389352072593,
        216.32946039851265,
        224.84448416884453
    ],
    "t_stop": [
        33.957,
        37.196,
        38.413,
        41.589,
        43.88,
        47.668,
        50.186,
        52.251
    ],
    "average_u": [
        4.041588663814757,
        4.054330306535587,
        4.0641102077335765,
        4.106252716859181,
        4.090765577771889,
        4.104261469944978,
        4.1340255705559565,
        4.125711836010989
    ],
    "adv_theta": [
        0.4862087136662872,
        0.4862087136662872,
        0.4862087136662872,
        0.4862087136662872,
        0.4862087136662872,
        0.4862087136662872,
        0.4862087136662872,
        0.4862087136662872
    ],
    "adv_kl": [
        0.14130156339543598,
        0.14130156339543598,
        0.14130156339543598,
        0.14130156339543598,
        0.14130156339543598,
        0.14130156339543598,
        0.14130156339543598,
        0.14130156339543598
    ],
    "adv_expected_u": [
        4.312039811339622,
        4.312039811339622,
        4.312039811339622,
        4.312039811339622,
        4.312039811339622,
        4.312039811339622,
        4.312039811339622,
        4.312039811339622
    ],
    "average congestion": [
        260086183.6366831,
        259753194.52761975,
        259863250.5185808,
        260151391.1513593,
        260001233.201052,
        259759293.68799055,
        259606124.1887669,
        259729170.19993308
    ],
    "average_loss": [
        1089.3341932235912,
        1076.5925505027603,
        1066.812649304772,
        1024.6701401791665,
        1040.1572792664592,
        1026.6613870933702,
        996.8972864823912,
        1005.2110210273592
    ]
}