{
    "gamma": [
        1000.0,
        1584.893192461114,
        2511.886431509582,
        3981.0717055349774,
        6309.573444801943,
        10000.00000000002,
        15848.931924611174,
        25118.864315095874
    ],
    "total_utility": [
        822.2082739631156,
        923.7259486512693,
        992.9651534209016,
        1042.2022816462434,
        1159.178371655633,
        1173.3371712462808,
        1270.5021901760026,
        1409.2379002915818
    ],
    "t_stop": [
        178.488,
        200.391,
        215.402,
        226.214,
        251.492,
        254.817,
        275.721,
        305.796
    ],
    "average_u": [
        4.51432896589275,
        4.535385254462922,
        4.532348567496578,
        4.549495503768539,
        4.553777526314963,
        4.556793829850377,
        4.545181201525902,
        4.572709012317948
    ],
    "adv_theta": [
        0.18620871366628722,
        0.18620871366628722,
        0.18620871366628722,
        0.18620871366628722,
        0.18620871366628722,
        0.18620871366628722,
        0.18620871366628722,
        0.18620871366628722
    ],
    "adv_kl": [
        0.5365147363544251,
        0.5365147363544251,
        0.5365147363544251,
        0.5365147363544251,
        0.5365147363544251,
        0.5365147363544251,
        0.5365147363544251,
        0.5365147363544251
    ],
    "adv_expected_u": [
        4.605360755077579,
        4.605360755077579,
        4.605360755077579,
        4.605360755077579,
        4.605360755077579,
        4.605360755077579,
        4.605360755077579,
        4.605360755077579
    ],
    "average congestion": [
        266112937.7643877,
        266035326.8755096,
        265987442.81583947,
        266074533.5457801,
        265906055.71504027,
        266034184.8609174,
        266049594.057736,
        265968811.2917315
    ],
    "average_loss": [
        616.5938911455992,
        595.5376025754272,
        598.5742895417704,
        581.4273532698096,
        577.1453307233863,
        574.1290271879723,
        585.7416555124479,
        558.2138447204017
    ]
}