{
    "gamma": [
        1000.0,
        1584.893192461114,
        2511.886431509582,
        3981.0717055349774,
        6309.573444801943,
        10000.00000000002,
        15848.931924611174,
        25118.864315095874
    ],
    "total_utility": [
        17.940663931903728,
        19.982114594072925,
        20.72609886987175,
        21.606700472287535,
        22.628661086301125,
        23.77403221373018,
        23.894345292707783,
        26.70913133036297
    ],
    "t_stop": [
        5.982,
        6.519,
        6.79,
        7.078,
        7.43,
        7.769,
        7.88,
        8.711
    ],
    "average_u": [
        2.453063323433297,
        2.575201866184666,
        2.5533128411519566,
        2.528695832645759,
        2.5604832568039155,
        2.5534387713488456,
        2.531342240453195,
        2.6563027030645796
    ],
    "adv_theta": [
        0.8862087136662872,
        0.8862087136662872,
        0.8862087136662872,
        0.8862087136662872,
        0.8862087136662872,
        0.8862087136662872,
        0.8862087136662872,
        0.8862087136662872
    ],
    "adv_kl": [
        1.0443194187845117,
        1.0443194187845117,
        1.0443194187845117,
        1.0443194187845117,
        1.0443194187845117,
        1.0443194187845117,
        1.0443194187845117,
        1.0443194187845117
    ],
    "adv_expected_u": [
        3.0474995502194338,
        3.0474995502194338,
        3.0474995502194338,
        3.0474995502194338,
        3.0474995502194338,
        3.0474995502194338,
        3.0474995502194338,
        3.0474995502194338
    ],
    "average congestion": [
        265356618.32403606,
        265057890.71591344,
        264743101.4766639,
        264189643.30835882,
        264609727.42193183,
        264809953.32744566,
        264530764.91826755,
        265085037.24438825
    ],
    "average_loss": [
        2677.859533605052,
        2555.720990853682,
        2577.610015886392,
        2602.22702439259,
        2570.4396002344324,
        2577.484085689503,
        2599.580616585153,
        2474.6201539737685
    ]
}