{
    "gamma": [
        1000.0,
        1584.893192461114,
        2511.886431509582,
        3981.0717055349774,
        6309.573444801943,
        10000.00000000002,
        15848.931924611174,
        25118.864315095874
    ],
    "total_utility": [
        361.4355576874798,
        368.83777544185574,
        419.53476966228345,
        430.9470762776694,
        458.54638173032157,
        483.80198568289484,
        518.8701869675358,
        566.5147012613693
    ],
    "t_stop": [
        80.507,
        82.316,
        93.471,
        96.14,
        102.289,
        107.907,
        115.679,
        126.233
    ],
    "average_u": [
        4.377875971327452,
        4.370827560911721,
        4.38910226603286,
        4.386520921418689,
        4.386038351589103,
        4.402095746524434,
        4.394328718216623,
        4.4182361658285645
    ],
    "adv_theta": [
        0.18620871366628722,
        0.18620871366628722,
        0.18620871366628722,
        0.18620871366628722,
        0.18620871366628722,
        0.18620871366628722,
        0.18620871366628722,
        0.18620871366628722
    ],
    "adv_kl": [
        0.5063290270359944,
        0.5063290270359944,
        0.5063290270359944,
        0.5063290270359944,
        0.5063290270359944,
        0.5063290270359944,
        0.5063290270359944,
        0.5063290270359944
    ],
    "adv_expected_u": [
        4.4811001857677,
        4.4811001857677,
        4.4811001857677,
        4.4811001857677,
        4.4811001857677,
        4.4811001857677,
        4.4811001857677,
        4.4811001857677
    ],
    "average congestion": [
        265643617.6559387,
        265368217.05320278,
        265551888.90192136,
        265552431.44810516,
        265540073.79349685,
        265516902.56355488,
        265489983.96570098,
        265478844.44657817
    ],
    "average_loss": [
        753.0468857108963,
        760.0952961266269,
        741.8205910054879,
        744.4019356196592,
        744.8845054492461,
        728.8271105139137,
        736.594138821725,
        712.6866912097828
    ]
}