{
    "gamma": [
        1000.0,
        1584.893192461114,
        2511.886431509582,
        3981.0717055349774,
        6309.573444801943,
        10000.00000000002,
        15848.931924611174,
        25118.864315095874
    ],
    "total_utility": [
        149.7320315573905,
        155.83282140448142,
        173.44754225188836,
        178.03035569120757,
        184.9170479338644,
        208.31781421593834,
        211.43365555258504,
        237.44634371727204
    ],
    "t_stop": [
        34.695,
        36.206,
        40.193,
        41.312,
        43.05,
        48.276,
        49.101,
        55.001
    ],
    "average_u": [
        4.071117188686938,
        4.079735712494203,
        4.1050532403061135,
        4.07042687567127,
        4.070196738882946,
        4.122997095408173,
        4.061900469173751,
        4.137036743155849
    ],
    "adv_theta": [
        0.4862087136662872,
        0.4862087136662872,
        0.4862087136662872,
        0.4862087136662872,
        0.4862087136662872,
        0.4862087136662872,
        0.4862087136662872,
        0.4862087136662872
    ],
    "adv_kl": [
        0.14130156339543598,
        0.14130156339543598,
        0.14130156339543598,
        0.14130156339543598,
        0.14130156339543598,
        0.14130156339543598,
        0.14130156339543598,
        0.14130156339543598
    ],
    "adv_expected_u": [
        4.312039811339622,
        4.312039811339622,
        4.312039811339622,
        4.312039811339622,
        4.312039811339622,
        4.312039811339622,
        4.312039811339622,
        4.312039811339622
    ],
    "average congestion": [
        259983324.9453387,
        259980651.36143157,
        259956682.71183473,
        260198135.51437154,
        259655827.15344405,
        259882457.94056648,
        260014840.02809662,
        259683399.02321106
    ],
    "average_loss": [
        1059.8056683514098,
        1051.1871445441461,
        1025.8696167322346,
        1060.495981367079,
        1060.7261181554027,
        1007.9257616301754,
        1069.0223878645972,
        993.8861138824996
    ]
}