{
    "gamma": [
        1000.0,
        1584.893192461114,
        2511.886431509582,
        3981.0717055349774,
        6309.573444801943,
        10000.00000000002,
        15848.931924611174,
        25118.864315095874
    ],
    "total_utility": [
        141.0466035343365,
        158.36700847828146,
        169.39348796330415,
        183.38651034544097,
        194.00820909798279,
        201.30409268138183,
        222.39773625906273,
        238.56970734886733
    ],
    "t_stop": [
        32.843,
        36.715,
        39.324,
        42.487,
        44.99,
        46.76,
        51.476,
        55.254
    ],
    "average_u": [
        4.024689205137655,
        4.033047852712756,
        4.067570694613362,
        4.110083611878148,
        4.0893543871255185,
        4.05941752970946,
        4.11454338327046,
        4.132906983561307
    ],
    "adv_theta": [
        0.4862087136662872,
        0.4862087136662872,
        0.4862087136662872,
        0.4862087136662872,
        0.4862087136662872,
        0.4862087136662872,
        0.4862087136662872,
        0.4862087136662872
    ],
    "adv_kl": [
        0.14130156339543598,
        0.14130156339543598,
        0.14130156339543598,
        0.14130156339543598,
        0.14130156339543598,
        0.14130156339543598,
        0.14130156339543598,
        0.14130156339543598
    ],
    "adv_expected_u": [
        4.312039811339622,
        4.312039811339622,
        4.312039811339622,
        4.312039811339622,
        4.312039811339622,
        4.312039811339622,
        4.312039811339622,
        4.312039811339622
    ],
    "average congestion": [
        260306143.27292597,
        259659039.24148288,
        259683883.28744787,
        259907659.23330006,
        259978785.83233294,
        259883213.50380415,
        259660850.42055443,
        259645029.0636192
    ],
    "average_loss": [
        1106.2336519006938,
        1097.875004325592,
        1063.3521624249859,
        1020.8392451602001,
        1041.5684699128292,
        1071.5053273288881,
        1016.3794737678877,
        998.0158734770408
    ]
}