{
    "gamma": [
        1000.0,
        1584.893192461114,
        2511.886431509582,
        3981.0717055349774,
        6309.573444801943,
        10000.00000000002,
        15848.931924611174,
        25118.864315095874
    ],
    "total_utility": [
        150.29958609468355,
        157.0056549983117,
        173.52794484783226,
        188.79733013464843,
        195.3744649905076,
        203.71223327234938,
        209.94504427206587,
        241.87511387177992
    ],
    "t_stop": [
        34.801,
        36.444,
        40.163,
        43.681,
        45.31,
        47.228,
        48.793,
        55.987
    ],
    "average_u": [
        4.048026417802073,
        4.073846051113264,
        4.070144716900962,
        4.0874804094164,
        4.081557011482574,
        4.074196060491267,
        4.090053826889671,
        4.138852741076725
    ],
    "adv_theta": [
        0.4862087136662872,
        0.4862087136662872,
        0.4862087136662872,
        0.4862087136662872,
        0.4862087136662872,
        0.4862087136662872,
        0.4862087136662872,
        0.4862087136662872
    ],
    "adv_kl": [
        0.14130156339543598,
        0.14130156339543598,
        0.14130156339543598,
        0.14130156339543598,
        0.14130156339543598,
        0.14130156339543598,
        0.14130156339543598,
        0.14130156339543598
    ],
    "adv_expected_u": [
        4.312039811339622,
        4.312039811339622,
        4.312039811339622,
        4.312039811339622,
        4.312039811339622,
        4.312039811339622,
        4.312039811339622,
        4.312039811339622
    ],
    "average congestion": [
        260142945.9108806,
        259950538.29036653,
        259861379.555267,
        259761670.26769146,
        259893163.84045452,
        259808360.91025054,
        260035098.029005,
        259642587.12724254
    ],
    "average_loss": [
        1082.8964392362745,
        1057.0768059250838,
        1060.7781401373861,
        1043.4424476219488,
        1049.3658455557738,
        1056.7267965470812,
        1040.8690301486777,
        992.0701159616222
    ]
}