{
    "gamma": [
        1000.0,
        1584.893192461114,
        2511.886431509582,
        3981.0717055349774,
        6309.573444801943,
        10000.00000000002,
        15848.931924611174,
        25118.864315095874
    ],
    "total_utility": [
        1339.4538922243528,
        1553.8993558990146,
        1782.931437503303,
        1967.5832387719106,
        2340.9066652619267,
        2377.878964227533,
        2668.2093738698723,
        3062.605625341411
    ],
    "t_stop": [
        286.315,
        332.211,
        381.194,
        420.517,
        500.324,
        508.418,
        570.296,
        654.565
    ],
    "average_u": [
        4.592924170316288,
        4.614564941233221,
        4.621711547698915,
        4.621629486445256,
        4.63020922117484,
        4.620814642542826,
        4.640952894317255,
        4.64234237815649
    ],
    "adv_theta": [
        0.18620871366628722,
        0.18620871366628722,
        0.18620871366628722,
        0.18620871366628722,
        0.18620871366628722,
        0.18620871366628722,
        0.18620871366628722,
        0.18620871366628722
    ],
    "adv_kl": [
        0.010422429193113425,
        0.010422429193113425,
        0.010422429193113425,
        0.010422429193113425,
        0.010422429193113425,
        0.010422429193113425,
        0.010422429193113425,
        0.010422429193113425
    ],
    "adv_expected_u": [
        4.6760345488310415,
        4.6760345488310415,
        4.6760345488310415,
        4.6760345488310415,
        4.6760345488310415,
        4.6760345488310415,
        4.6760345488310415,
        4.6760345488310415
    ],
    "average congestion": [
        257179429.69993132,
        257064751.0316328,
        256973121.67500225,
        256987214.8961242,
        256997423.21016693,
        256968272.3277733,
        256884582.10377833,
        256919928.7263381
    ],
    "average_loss": [
        537.9986867220603,
        516.3579158051283,
        509.2113093394358,
        509.2933705930948,
        500.71363586351026,
        510.10821449552503,
        489.9699627210959,
        488.5804788818615
    ]
}