{
    "gamma": [
        1000.0,
        1584.893192461114,
        2511.886431509582,
        3981.0717055349774,
        6309.573444801943,
        10000.00000000002,
        15848.931924611174,
        25118.864315095874
    ],
    "total_utility": [
        1382.1057238026485,
        1619.3072773189144,
        1785.2950019325383,
        1984.9788772771983,
        2215.8938690268687,
        2549.9954138558437,
        2566.6712796473257,
        3112.36512118983
    ],
    "t_stop": [
        295.431,
        345.995,
        381.654,
        424.293,
        473.729,
        545.011,
        548.843,
        665.143
    ],
    "average_u": [
        4.602574722750642,
        4.613370510590153,
        4.617491154773114,
        4.617739859513699,
        4.630258799100159,
        4.633046603494893,
        4.6371255660775805,
        4.6470587142629505
    ],
    "adv_theta": [
        0.18620871366628722,
        0.18620871366628722,
        0.18620871366628722,
        0.18620871366628722,
        0.18620871366628722,
        0.18620871366628722,
        0.18620871366628722,
        0.18620871366628722
    ],
    "adv_kl": [
        0.010422429193113425,
        0.010422429193113425,
        0.010422429193113425,
        0.010422429193113425,
        0.010422429193113425,
        0.010422429193113425,
        0.010422429193113425,
        0.010422429193113425
    ],
    "adv_expected_u": [
        4.6760345488310415,
        4.6760345488310415,
        4.6760345488310415,
        4.6760345488310415,
        4.6760345488310415,
        4.6760345488310415,
        4.6760345488310415,
        4.6760345488310415
    ],
    "average congestion": [
        257094414.2216222,
        257157088.02975634,
        257106500.59945428,
        256954652.57340127,
        257113424.7794747,
        256901755.5156557,
        256929270.7884778,
        256916124.23532704
    ],
    "average_loss": [
        528.3481342877075,
        517.5523464481971,
        513.4317022652359,
        513.1829975246512,
        500.6640579381911,
        497.8762535434585,
        493.79729096077114,
        483.86414277540126
    ]
}