{
    "gamma": [
        1000.0,
        1584.893192461114,
        2511.886431509582,
        3981.0717055349774,
        6309.573444801943,
        10000.00000000002,
        15848.931924611174,
        25118.864315095874
    ],
    "total_utility": [
        267.0926514029156,
        292.8393550769777,
        315.92753768115455,
        334.1652989407855,
        358.35841855031526,
        383.2587917238135,
        410.3658235499539,
        439.1159756825217
    ],
    "t_stop": [
        60.253,
        65.964,
        71.211,
        75.378,
        80.754,
        86.307,
        92.358,
        98.861
    ],
    "average_u": [
        4.291502302193613,
        4.310064824877416,
        4.326571118375749,
        4.326843087410673,
        4.328931654702787,
        4.332762995118927,
        4.321966170825408,
        4.360718201900497
    ],
    "adv_theta": [
        0.18620871366628722,
        0.18620871366628722,
        0.18620871366628722,
        0.18620871366628722,
        0.18620871366628722,
        0.18620871366628722,
        0.18620871366628722,
        0.18620871366628722
    ],
    "adv_kl": [
        0.5182279206831357,
        0.5182279206831357,
        0.5182279206831357,
        0.5182279206831357,
        0.5182279206831357,
        0.5182279206831357,
        0.5182279206831357,
        0.5182279206831357
    ],
    "adv_expected_u": [
        4.436394446394667,
        4.436394446394667,
        4.436394446394667,
        4.436394446394667,
        4.436394446394667,
        4.436394446394667,
        4.436394446394667,
        4.436394446394667
    ],
    "average congestion": [
        266556965.10795692,
        266318921.13819385,
        266440785.2059932,
        266647611.31565925,
        266507788.62195274,
        266607058.13715777,
        266459501.43123862,
        266483599.27648985
    ],
    "average_loss": [
        839.4205548447352,
        820.8580321609322,
        804.3517386625998,
        804.0797696276751,
        801.9912023355608,
        798.1598619194223,
        808.9566862129402,
        770.2046551378506
    ]
}