{
    "gamma": [
        1000.0,
        1584.893192461114,
        2511.886431509582,
        3981.0717055349774,
        6309.573444801943,
        10000.00000000002,
        15848.931924611174,
        25118.864315095874
    ],
    "total_utility": [
        19.020952773947826,
        19.773718617982436,
        21.548856984795215,
        21.434869221385053,
        22.547552455386153,
        23.693827851317703,
        23.64759752176167,
        25.564538616108276
    ],
    "t_stop": [
        6.201,
        6.48,
        6.989,
        7.036,
        7.423,
        7.777,
        7.796,
        8.454
    ],
    "average_u": [
        2.55359504351855,
        2.5031066028534883,
        2.5722271753746906,
        2.5631570855163437,
        2.519872218326992,
        2.58414506373149,
        2.5273050702242976,
        2.5493209108901387
    ],
    "adv_theta": [
        0.8862087136662872,
        0.8862087136662872,
        0.8862087136662872,
        0.8862087136662872,
        0.8862087136662872,
        0.8862087136662872,
        0.8862087136662872,
        0.8862087136662872
    ],
    "adv_kl": [
        1.0443194187845117,
        1.0443194187845117,
        1.0443194187845117,
        1.0443194187845117,
        1.0443194187845117,
        1.0443194187845117,
        1.0443194187845117,
        1.0443194187845117
    ],
    "adv_expected_u": [
        3.0474995502194338,
        3.0474995502194338,
        3.0474995502194338,
        3.0474995502194338,
        3.0474995502194338,
        3.0474995502194338,
        3.0474995502194338,
        3.0474995502194338
    ],
    "average congestion": [
        264372500.5105893,
        264973359.51480925,
        264594435.32397053,
        264469548.5695011,
        264778339.3260706,
        264350800.71001318,
        264533529.32816625,
        264864649.10703748
    ],
    "average_loss": [
        2577.327813519799,
        2627.8162541848596,
        2558.6956816636575,
        2567.7657715220053,
        2611.0506387113564,
        2546.7777933068583,
        2603.6177868140508,
        2581.601946148209
    ]
}