{
    "gamma": [
        1000.0,
        1584.893192461114,
        2511.886431509582,
        3981.0717055349774,
        6309.573444801943,
        10000.00000000002,
        15848.931924611174,
        25118.864315095874
    ],
    "total_utility": [
        1386.0383824286948,
        1592.9013281414325,
        1820.1509291328834,
        1989.3442143121836,
        2319.7278202060043,
        2397.8567316803214,
        2597.9242722166214,
        2932.3787056832066
    ],
    "t_stop": [
        296.261,
        340.428,
        389.081,
        425.338,
        495.693,
        512.6,
        555.474,
        626.934
    ],
    "average_u": [
        4.605065108642288,
        4.607912845423874,
        4.613608668253897,
        4.618100524556761,
        4.6317031331134935,
        4.617465669769936,
        4.63563422439379,
        4.635896075806112
    ],
    "adv_theta": [
        0.18620871366628722,
        0.18620871366628722,
        0.18620871366628722,
        0.18620871366628722,
        0.18620871366628722,
        0.18620871366628722,
        0.18620871366628722,
        0.18620871366628722
    ],
    "adv_kl": [
        0.010422429193113425,
        0.010422429193113425,
        0.010422429193113425,
        0.010422429193113425,
        0.010422429193113425,
        0.010422429193113425,
        0.010422429193113425,
        0.010422429193113425
    ],
    "adv_expected_u": [
        4.6760345488310415,
        4.6760345488310415,
        4.6760345488310415,
        4.6760345488310415,
        4.6760345488310415,
        4.6760345488310415,
        4.6760345488310415,
        4.6760345488310415
    ],
    "average congestion": [
        256892471.714324,
        256862576.47641876,
        257097462.97873124,
        256816909.15819687,
        257003715.5225288,
        256993919.7211887,
        256938813.5539021,
        256841940.5543358
    ],
    "average_loss": [
        525.8577483960621,
        523.0100116144762,
        517.3141887844528,
        512.8223324815895,
        499.2197239248575,
        513.4571872684163,
        495.28863264456123,
        495.0267812322393
    ]
}