{
    "gamma": [
        1000.0,
        1584.893192461114,
        2511.886431509582,
        3981.0717055349774,
        6309.573444801943,
        10000.00000000002,
        15848.931924611174,
        25118.864315095874
    ],
    "total_utility": [
        17.46386449983943,
        20.381097170759713,
        20.674655900126417,
        21.84376631291954,
        22.46613440777432,
        24.20152688670899,
        24.795435870419976,
        26.167928815343164
    ],
    "t_stop": [
        5.843,
        6.598,
        6.783,
        7.12,
        7.37,
        7.872,
        8.087,
        8.593
    ],
    "average_u": [
        2.499832706616656,
        2.612759259266784,
        2.540266874384822,
        2.540024325685624,
        2.5287917604108543,
        2.592053950208373,
        2.5785215342966192,
        2.6069107233795457
    ],
    "adv_theta": [
        0.8862087136662872,
        0.8862087136662872,
        0.8862087136662872,
        0.8862087136662872,
        0.8862087136662872,
        0.8862087136662872,
        0.8862087136662872,
        0.8862087136662872
    ],
    "adv_kl": [
        1.0443194187845117,
        1.0443194187845117,
        1.0443194187845117,
        1.0443194187845117,
        1.0443194187845117,
        1.0443194187845117,
        1.0443194187845117,
        1.0443194187845117
    ],
    "adv_expected_u": [
        3.0474995502194338,
        3.0474995502194338,
        3.0474995502194338,
        3.0474995502194338,
        3.0474995502194338,
        3.0474995502194338,
        3.0474995502194338,
        3.0474995502194338
    ],
    "average congestion": [
        265341183.11891288,
        264556972.90684924,
        264618860.40308997,
        264963009.30291194,
        264395647.53100666,
        264463476.25189662,
        265060143.60946125,
        264728174.19952363
    ],
    "average_loss": [
        2631.0901504216927,
        2518.163597771564,
        2590.6559826535267,
        2590.898531352724,
        2602.131096627494,
        2538.868906829975,
        2552.401322741729,
        2524.0121336588027
    ]
}