{
    "gamma": [
        1000.0,
        1584.893192461114,
        2511.886431509582,
        3981.0717055349774,
        6309.573444801943,
        10000.00000000002,
        15848.931924611174,
        25118.864315095874
    ],
    "total_utility": [
        19.06930712961563,
        19.358564498989907,
        21.679433807520592,
        21.696639970942392,
        22.04568216185771,
        23.554011934005562,
        24.19744155396663,
        26.276609150277647
    ],
    "t_stop": [
        6.226,
        6.375,
        7.017,
        7.086,
        7.296,
        7.723,
        7.942,
        8.611
    ],
    "average_u": [
        2.5976211320333777,
        2.5056551415134516,
        2.5621492735063085,
        2.5677493853772586,
        2.5447923758441884,
        2.556740582606755,
        2.5558672825373145,
        2.620185863901409
    ],
    "adv_theta": [
        0.8862087136662872,
        0.8862087136662872,
        0.8862087136662872,
        0.8862087136662872,
        0.8862087136662872,
        0.8862087136662872,
        0.8862087136662872,
        0.8862087136662872
    ],
    "adv_kl": [
        1.0443194187845117,
        1.0443194187845117,
        1.0443194187845117,
        1.0443194187845117,
        1.0443194187845117,
        1.0443194187845117,
        1.0443194187845117,
        1.0443194187845117
    ],
    "adv_expected_u": [
        3.0474995502194338,
        3.0474995502194338,
        3.0474995502194338,
        3.0474995502194338,
        3.0474995502194338,
        3.0474995502194338,
        3.0474995502194338,
        3.0474995502194338
    ],
    "average congestion": [
        264898881.60649714,
        264715447.20672864,
        265116303.47694758,
        264680439.07341766,
        264634060.02967286,
        264550382.9084959,
        264836053.2031316,
        264710006.34739175
    ],
    "average_loss": [
        2533.3017250049706,
        2625.267715524896,
        2568.7735835320404,
        2563.17347166109,
        2586.13048119416,
        2574.1822744315937,
        2575.055574501034,
        2510.7369931369394
    ]
}