{
    "gamma": [
        1000.0,
        1584.893192461114,
        2511.886431509582,
        3981.0717055349774,
        6309.573444801943,
        10000.00000000002,
        15848.931924611174,
        25118.864315095874
    ],
    "total_utility": [
        19.358677810521723,
        19.6516614227498,
        20.24925735877978,
        21.64743571085536,
        23.288787654030173,
        23.866401261957524,
        24.060394266211077,
        25.637040332495303
    ],
    "t_stop": [
        6.294,
        6.439,
        6.704,
        7.078,
        7.591,
        7.806,
        7.919,
        8.47
    ],
    "average_u": [
        2.575545574048935,
        2.5194427545401643,
        2.50636605309918,
        2.5548756611042425,
        2.582838608444177,
        2.528000786329306,
        2.5386280849276748,
        2.5817036685528496
    ],
    "adv_theta": [
        0.8862087136662872,
        0.8862087136662872,
        0.8862087136662872,
        0.8862087136662872,
        0.8862087136662872,
        0.8862087136662872,
        0.8862087136662872,
        0.8862087136662872
    ],
    "adv_kl": [
        1.0443194187845117,
        1.0443194187845117,
        1.0443194187845117,
        1.0443194187845117,
        1.0443194187845117,
        1.0443194187845117,
        1.0443194187845117,
        1.0443194187845117
    ],
    "adv_expected_u": [
        3.0474995502194338,
        3.0474995502194338,
        3.0474995502194338,
        3.0474995502194338,
        3.0474995502194338,
        3.0474995502194338,
        3.0474995502194338,
        3.0474995502194338
    ],
    "average congestion": [
        264806434.03386372,
        264888402.21827856,
        264834869.4869166,
        264786562.4930877,
        264551950.023675,
        264814752.50110826,
        264550011.42657208,
        264899674.41166323
    ],
    "average_loss": [
        2555.3772829894133,
        2611.480102498184,
        2624.556803939168,
        2576.0471959341053,
        2548.084248594171,
        2602.9220707090417,
        2592.2947721106734,
        2549.2191884854988
    ]
}