{
    "gamma": [
        1000.0,
        1584.893192461114,
        2511.886431509582,
        3981.0717055349774,
        6309.573444801943,
        10000.00000000002,
        15848.931924611174,
        25118.864315095874
    ],
    "total_utility": [
        1412.2094525194314,
        1639.1835836415294,
        1900.0294269872084,
        2035.5658697359559,
        2275.111463305228,
        2443.7836705588047,
        2588.375925290448,
        3045.2979111304526
    ],
    "t_stop": [
        301.743,
        350.228,
        405.877,
        435.044,
        486.205,
        522.353,
        553.406,
        650.802
    ],
    "average_u": [
        4.595323574603226,
        4.607261694844115,
        4.612569946848991,
        4.618243833540853,
        4.614746796335505,
        4.636609285941209,
        4.6194141609743316,
        4.644167250915442
    ],
    "adv_theta": [
        0.18620871366628722,
        0.18620871366628722,
        0.18620871366628722,
        0.18620871366628722,
        0.18620871366628722,
        0.18620871366628722,
        0.18620871366628722,
        0.18620871366628722
    ],
    "adv_kl": [
        0.010422429193113425,
        0.010422429193113425,
        0.010422429193113425,
        0.010422429193113425,
        0.010422429193113425,
        0.010422429193113425,
        0.010422429193113425,
        0.010422429193113425
    ],
    "adv_expected_u": [
        4.6760345488310415,
        4.6760345488310415,
        4.6760345488310415,
        4.6760345488310415,
        4.6760345488310415,
        4.6760345488310415,
        4.6760345488310415,
        4.6760345488310415
    ],
    "average congestion": [
        257151989.75607467,
        256978471.47190255,
        256995419.1144693,
        257055200.77865037,
        256960233.53299984,
        256959426.6743185,
        256916533.32530144,
        256821053.17395502
    ],
    "average_loss": [
        535.5992824351226,
        523.661162194235,
        518.3529101893587,
        512.6790234974974,
        516.1760607028448,
        494.31357109714065,
        511.5086960640189,
        486.7556061229098
    ]
}