{
    "gamma": [
        1000.0,
        1584.893192461114,
        2511.886431509582,
        3981.0717055349774,
        6309.573444801943,
        10000.00000000002,
        15848.931924611174,
        25118.864315095874
    ],
    "total_utility": [
        727.302375366862,
        775.94114404227,
        880.9155773685032,
        924.9998191600727,
        972.7443656621522,
        1052.6282497718353,
        1128.950776949565,
        1181.4459335562758
    ],
    "t_stop": [
        158.639,
        169.279,
        192.035,
        201.716,
        212.159,
        229.497,
        246.067,
        257.505
    ],
    "average_u": [
        4.513478378455109,
        4.52081922641965,
        4.53613149549818,
        4.545265210058595,
        4.539098517586208,
        4.550792232440414,
        4.552406977758099,
        4.5549005166571535
    ],
    "adv_theta": [
        0.18620871366628722,
        0.18620871366628722,
        0.18620871366628722,
        0.18620871366628722,
        0.18620871366628722,
        0.18620871366628722,
        0.18620871366628722,
        0.18620871366628722
    ],
    "adv_kl": [
        0.5198116517652286,
        0.5198116517652286,
        0.5198116517652286,
        0.5198116517652286,
        0.5198116517652286,
        0.5198116517652286,
        0.5198116517652286,
        0.5198116517652286
    ],
    "adv_expected_u": [
        4.584855289924935,
        4.584855289924935,
        4.584855289924935,
        4.584855289924935,
        4.584855289924935,
        4.584855289924935,
        4.584855289924935,
        4.584855289924935
    ],
    "average congestion": [
        264103155.40424508,
        263872644.15968275,
        263767898.89691046,
        263763373.987775,
        263831772.08831805,
        263697949.32355994,
        263749277.16816935,
        263833685.62591788
    ],
    "average_loss": [
        617.4444785832374,
        610.1036306186993,
        594.7913615401676,
        585.6576469797524,
        591.8243394521398,
        580.130624597934,
        578.51587928025,
        576.0223403811956
    ]
}