{
    "gamma": [
        1000.0,
        1584.893192461114,
        2511.886431509582,
        3981.0717055349774,
        6309.573444801943,
        10000.00000000002,
        15848.931924611174,
        25118.864315095874
    ],
    "total_utility": [
        1405.687615663725,
        1621.3986750741515,
        1862.3806515311358,
        2020.0143975851406,
        2249.3274729410555,
        2478.2440302718087,
        2634.9772870619995,
        3040.3599516284967
    ],
    "t_stop": [
        300.367,
        346.599,
        397.929,
        431.838,
        480.893,
        529.758,
        563.211,
        649.913
    ],
    "average_u": [
        4.604024314920145,
        4.618664633855195,
        4.624185335932895,
        4.624962016328265,
        4.616369230282777,
        4.621732111000825,
        4.6340110631839995,
        4.640898201224113
    ],
    "adv_theta": [
        0.18620871366628722,
        0.18620871366628722,
        0.18620871366628722,
        0.18620871366628722,
        0.18620871366628722,
        0.18620871366628722,
        0.18620871366628722,
        0.18620871366628722
    ],
    "adv_kl": [
        0.010422429193113425,
        0.010422429193113425,
        0.010422429193113425,
        0.010422429193113425,
        0.010422429193113425,
        0.010422429193113425,
        0.010422429193113425,
        0.010422429193113425
    ],
    "adv_expected_u": [
        4.6760345488310415,
        4.6760345488310415,
        4.6760345488310415,
        4.6760345488310415,
        4.6760345488310415,
        4.6760345488310415,
        4.6760345488310415,
        4.6760345488310415
    ],
    "average congestion": [
        257086823.7207046,
        257049327.17645726,
        256959579.3091851,
        257022374.26998308,
        256992799.36111435,
        256984421.51671508,
        256923891.7700113,
        256906412.6003688
    ],
    "average_loss": [
        526.8985421182047,
        512.2582231831537,
        506.7375211054557,
        505.9608407100849,
        514.5536267555742,
        509.1907460375255,
        496.9117938543515,
        490.024655814239
    ]
}