{
    "gamma": [
        1000.0,
        1584.893192461114,
        2511.886431509582,
        3981.0717055349774,
        6309.573444801943,
        10000.00000000002,
        15848.931924611174,
        25118.864315095874
    ],
    "total_utility": [
        149.61195178043923,
        166.44996652736788,
        171.47056323094137,
        185.30093456280045,
        199.19105347618347,
        205.89842186796133,
        223.20927756279013,
        236.64543922777892
    ],
    "t_stop": [
        34.662,
        38.467,
        39.755,
        42.905,
        46.105,
        47.737,
        51.666,
        54.828
    ],
    "average_u": [
        4.053120259259826,
        4.081912767519335,
        4.083900300041006,
        4.084239116200277,
        4.115021509932577,
        4.102345818933963,
        4.126438826828797,
        4.1491879344153935
    ],
    "adv_theta": [
        0.4862087136662872,
        0.4862087136662872,
        0.4862087136662872,
        0.4862087136662872,
        0.4862087136662872,
        0.4862087136662872,
        0.4862087136662872,
        0.4862087136662872
    ],
    "adv_kl": [
        0.14130156339543598,
        0.14130156339543598,
        0.14130156339543598,
        0.14130156339543598,
        0.14130156339543598,
        0.14130156339543598,
        0.14130156339543598,
        0.14130156339543598
    ],
    "adv_expected_u": [
        4.312039811339622,
        4.312039811339622,
        4.312039811339622,
        4.312039811339622,
        4.312039811339622,
        4.312039811339622,
        4.312039811339622,
        4.312039811339622
    ],
    "average congestion": [
        259963329.43226236,
        259946315.32775214,
        259772839.3027615,
        259792642.93786743,
        259694055.6499433,
        259883061.4191837,
        259620992.840383,
        259866330.7198339
    ],
    "average_loss": [
        1077.8025977785219,
        1049.0100895190135,
        1047.022556997343,
        1046.683740838071,
        1015.901347105771,
        1028.577038104385,
        1004.4840302095515,
        981.7349226229554
    ]
}