{
    "gamma": [
        1000.0,
        1584.893192461114,
        2511.886431509582,
        3981.0717055349774,
        6309.573444801943,
        10000.00000000002,
        15848.931924611174,
        25118.864315095874
    ],
    "total_utility": [
        463.350414437116,
        501.11358334918833,
        525.0288999592948,
        573.3390261364343,
        605.7356348855228,
        629.4026707846767,
        683.190487596641,
        721.5937986793576
    ],
    "t_stop": [
        102.466,
        110.766,
        116.131,
        126.714,
        133.957,
        139.299,
        151.041,
        159.541
    ],
    "average_u": [
        4.450728290093508,
        4.450236677879226,
        4.4517660440993625,
        4.46324688833099,
        4.467497630646174,
        4.470251676953547,
        4.477778746908224,
        4.481538417208987
    ],
    "adv_theta": [
        0.18620871366628722,
        0.18620871366628722,
        0.18620871366628722,
        0.18620871366628722,
        0.18620871366628722,
        0.18620871366628722,
        0.18620871366628722,
        0.18620871366628722
    ],
    "adv_kl": [
        0.47344148294505567,
        0.47344148294505567,
        0.47344148294505567,
        0.47344148294505567,
        0.47344148294505567,
        0.47344148294505567,
        0.47344148294505567,
        0.47344148294505567
    ],
    "adv_expected_u": [
        4.518656948143813,
        4.518656948143813,
        4.518656948143813,
        4.518656948143813,
        4.518656948143813,
        4.518656948143813,
        4.518656948143813,
        4.518656948143813
    ],
    "average congestion": [
        265340881.0087469,
        265312513.91108182,
        265266690.26639527,
        265311550.205137,
        265142820.4557898,
        265301997.4261056,
        265245224.52611238,
        265312493.4621017
    ],
    "average_loss": [
        680.1945669448402,
        680.6861791591216,
        679.156812938985,
        667.6759687073563,
        663.4252263921732,
        660.6711800848005,
        653.1441101301228,
        649.384439829359
    ]
}