{
    "gamma": [
        1000.0,
        2137.9620895022326,
        4570.881896148751,
        9772.372209558112,
        20892.96130854041,
        44668.359215096345,
        95499.25860214369,
        204173.79446695317
    ],
    "total_utility": [
        500.656,
        583.42,
        763.981,
        865.997,
        975.492,
        1065.243,
        1203.808,
        1295.578
    ],
    "t_stop": [
        93.1,
        108.634,
        142.389,
        161.335,
        181.892,
        198.741,
        224.352,
        241.87
    ],
    "average_u": [
        5.142086918144275,
        5.168358909545268,
        5.195134783602034,
        5.204751128192095,
        5.225548545537075,
        5.234744475148674,
        5.248437255021927,
        5.254158378479258
    ],
    "adv_theta": [
        0.10079457843841391,
        0.10079457843841391,
        0.10079457843841391,
        0.10079457843841391,
        0.10079457843841391,
        0.10079457843841391,
        0.10079457843841391,
        0.10079457843841391
    ],
    "adv_kl": [
        0.03609595154247136,
        0.03609595154247136,
        0.03609595154247136,
        0.03609595154247136,
        0.03609595154247136,
        0.03609595154247136,
        0.03609595154247136,
        0.03609595154247136
    ],
    "adv_expected_u": [
        5.368978361107206,
        5.368978361107206,
        5.368978361107206,
        5.368978361107206,
        5.368978361107206,
        5.368978361107206,
        5.368978361107206,
        5.368978361107206
    ],
    "average congestion": [
        0.0,
        0.0,
        0.0,
        0.0,
        0.0,
        0.0,
        0.0,
        0.0
    ],
    "average_loss": [
        0.0,
        0.0,
        0.0,
        0.0,
        0.0,
        0.0,
        0.0,
        0.0
    ]
}