{
    "gamma": [
        1000.0,
        2137.9620895022326,
        4570.881896148751,
        9772.372209558112,
        20892.96130854041,
        44668.359215096345,
        95499.25860214369,
        204173.79446695317
    ],
    "total_utility": [
        219.989,
        261.415,
        412.653,
        490.929,
        525.393,
        560.039,
        635.319,
        760.285
    ],
    "t_stop": [
        42.581,
        50.5,
        80.246,
        94.899,
        101.896,
        108.755,
        123.243,
        147.377
    ],
    "average_u": [
        4.7880673744860145,
        4.810926222978089,
        4.896671111691667,
        4.946914341139034,
        4.9423431592841895,
        4.9358979136414,
        4.991926865405218,
        5.016582185980836
    ],
    "adv_theta": [
        0.07079457843841391,
        0.07079457843841391,
        0.07079457843841391,
        0.07079457843841391,
        0.07079457843841391,
        0.07079457843841391,
        0.07079457843841391,
        0.07079457843841391
    ],
    "adv_kl": [
        0.37093004500499394,
        0.37093004500499394,
        0.37093004500499394,
        0.37093004500499394,
        0.37093004500499394,
        0.37093004500499394,
        0.37093004500499394,
        0.37093004500499394
    ],
    "adv_expected_u": [
        5.1593847512011095,
        5.1593847512011095,
        5.1593847512011095,
        5.1593847512011095,
        5.1593847512011095,
        5.1593847512011095,
        5.1593847512011095,
        5.1593847512011095
    ],
    "average congestion": [
        0.0,
        0.0,
        0.0,
        0.0,
        0.0,
        0.0,
        0.0,
        0.0
    ],
    "average_loss": [
        0.0,
        0.0,
        0.0,
        0.0,
        0.0,
        0.0,
        0.0,
        0.0
    ]
}