{
    "gamma": [
        1000.0,
        2137.9620895022326,
        4570.881896148751,
        9772.372209558112,
        20892.96130854041,
        44668.359215096345,
        95499.25860214369,
        204173.79446695317
    ],
    "total_utility": [
        576.304,
        750.432,
        892.838,
        1059.967,
        1239.431,
        1282.212,
        1513.443,
        1669.049
    ],
    "t_stop": [
        106.011,
        137.622,
        164.54,
        195.025,
        227.648,
        236.257,
        277.955,
        306.977
    ],
    "average_u": [
        5.2116426693944025,
        5.274501456314227,
        5.258851296382964,
        5.2819413856632105,
        5.331439974710069,
        5.300768539091223,
        5.34506223147181,
        5.351384322426792
    ],
    "adv_theta": [
        0.09079457843841392,
        0.09079457843841392,
        0.09079457843841392,
        0.09079457843841392,
        0.09079457843841392,
        0.09079457843841392,
        0.09079457843841392,
        0.09079457843841392
    ],
    "adv_kl": [
        0.02930520645577639,
        0.02930520645577639,
        0.02930520645577639,
        0.02930520645577639,
        0.02930520645577639,
        0.02930520645577639,
        0.02930520645577639,
        0.02930520645577639
    ],
    "adv_expected_u": [
        5.439869136469624,
        5.439869136469624,
        5.439869136469624,
        5.439869136469624,
        5.439869136469624,
        5.439869136469624,
        5.439869136469624,
        5.439869136469624
    ],
    "average congestion": [
        0.0,
        0.0,
        0.0,
        0.0,
        0.0,
        0.0,
        0.0,
        0.0
    ],
    "average_loss": [
        0.0,
        0.0,
        0.0,
        0.0,
        0.0,
        0.0,
        0.0,
        0.0
    ]
}