{
    "gamma": [
        1000.0,
        2137.9620895022326,
        4570.881896148751,
        9772.372209558112,
        20892.96130854041,
        44668.359215096345,
        95499.25860214369,
        204173.79446695317
    ],
    "total_utility": [
        626.937,
        814.347,
        1597.413,
        1737.226,
        2032.075,
        2158.748,
        2546.142,
        2960.229
    ],
    "t_stop": [
        112.29,
        145.661,
        286.694,
        311.964,
        363.86,
        386.846,
        455.839,
        530.293
    ],
    "average_u": [
        5.368668081314336,
        5.395802959851849,
        5.460987141896992,
        5.470445997608471,
        5.501371190965086,
        5.478631581358232,
        5.521929778990521,
        5.523463058748445
    ],
    "adv_theta": [
        0.07079457843841391,
        0.07079457843841391,
        0.07079457843841391,
        0.07079457843841391,
        0.07079457843841391,
        0.07079457843841391,
        0.07079457843841391,
        0.07079457843841391
    ],
    "adv_kl": [
        0.30753706510007955,
        0.30753706510007955,
        0.30753706510007955,
        0.30753706510007955,
        0.30753706510007955,
        0.30753706510007955,
        0.30753706510007955,
        0.30753706510007955
    ],
    "adv_expected_u": [
        5.57831425018861,
        5.57831425018861,
        5.57831425018861,
        5.57831425018861,
        5.57831425018861,
        5.57831425018861,
        5.57831425018861,
        5.57831425018861
    ],
    "average congestion": [
        0.0,
        0.0,
        0.0,
        0.0,
        0.0,
        0.0,
        0.0,
        0.0
    ],
    "average_loss": [
        0.0,
        0.0,
        0.0,
        0.0,
        0.0,
        0.0,
        0.0,
        0.0
    ]
}