{
    "gamma": [
        1000.0,
        2137.9620895022326,
        4570.881896148751,
        9772.372209558112,
        20892.96130854041,
        44668.359215096345,
        95499.25860214369,
        204173.79446695317
    ],
    "total_utility": [
        471.924,
        566.142,
        783.915,
        886.026,
        978.811,
        1109.616,
        1219.441,
        1345.741
    ],
    "t_stop": [
        87.913,
        105.669,
        145.811,
        164.887,
        182.372,
        206.573,
        227.051,
        250.671
    ],
    "average_u": [
        5.141946058161837,
        5.134473178080021,
        5.194354672170439,
        5.225630680893626,
        5.226428464352525,
        5.230538713582406,
        5.254561622599667,
        5.2763375154984535
    ],
    "adv_theta": [
        0.10079457843841391,
        0.10079457843841391,
        0.10079457843841391,
        0.10079457843841391,
        0.10079457843841391,
        0.10079457843841391,
        0.10079457843841391,
        0.10079457843841391
    ],
    "adv_kl": [
        0.03609595154247136,
        0.03609595154247136,
        0.03609595154247136,
        0.03609595154247136,
        0.03609595154247136,
        0.03609595154247136,
        0.03609595154247136,
        0.03609595154247136
    ],
    "adv_expected_u": [
        5.368978361107206,
        5.368978361107206,
        5.368978361107206,
        5.368978361107206,
        5.368978361107206,
        5.368978361107206,
        5.368978361107206,
        5.368978361107206
    ],
    "average congestion": [
        0.0,
        0.0,
        0.0,
        0.0,
        0.0,
        0.0,
        0.0,
        0.0
    ],
    "average_loss": [
        0.0,
        0.0,
        0.0,
        0.0,
        0.0,
        0.0,
        0.0,
        0.0
    ]
}