{
    "gamma": [
        1000.0,
        2137.9620895022326,
        4570.881896148751,
        9772.372209558112,
        20892.96130854041,
        44668.359215096345,
        95499.25860214369,
        204173.79446695317
    ],
    "total_utility": [
        809.404,
        1025.544,
        1495.858,
        1784.744,
        1968.684,
        2203.842,
        2377.526,
        2800.335
    ],
    "t_stop": [
        145.433,
        183.757,
        267.653,
        319.654,
        352.739,
        394.916,
        426.557,
        501.716
    ],
    "average_u": [
        5.399938554311569,
        5.3937785558904805,
        5.451987445441486,
        5.463103536176138,
        5.481121498308977,
        5.472755760244,
        5.481552788055831,
        5.5088757325547455
    ],
    "adv_theta": [
        0.07079457843841391,
        0.07079457843841391,
        0.07079457843841391,
        0.07079457843841391,
        0.07079457843841391,
        0.07079457843841391,
        0.07079457843841391,
        0.07079457843841391
    ],
    "adv_kl": [
        0.01780654534075904,
        0.01780654534075904,
        0.01780654534075904,
        0.01780654534075904,
        0.01780654534075904,
        0.01780654534075904,
        0.01780654534075904,
        0.01780654534075904
    ],
    "adv_expected_u": [
        5.582199616357244,
        5.582199616357244,
        5.582199616357244,
        5.582199616357244,
        5.582199616357244,
        5.582199616357244,
        5.582199616357244,
        5.582199616357244
    ],
    "average congestion": [
        0.0,
        0.0,
        0.0,
        0.0,
        0.0,
        0.0,
        0.0,
        0.0
    ],
    "average_loss": [
        0.0,
        0.0,
        0.0,
        0.0,
        0.0,
        0.0,
        0.0,
        0.0
    ]
}