{
    "gamma": [
        1000.0,
        2137.9620895022326,
        4570.881896148751,
        9772.372209558112,
        20892.96130854041,
        44668.359215096345,
        95499.25860214369,
        204173.79446695317
    ],
    "total_utility": [
        809.333,
        1006.977,
        1468.576,
        1715.164,
        1942.392,
        2295.209,
        2524.085,
        2771.198
    ],
    "t_stop": [
        145.079,
        180.378,
        262.88,
        307.308,
        348.197,
        411.051,
        452.181,
        496.406
    ],
    "average_u": [
        5.373577810896723,
        5.418169795964983,
        5.440602718528338,
        5.454691808391082,
        5.465297702900403,
        5.4912947017338976,
        5.493601718937761,
        5.503289625733969
    ],
    "adv_theta": [
        0.07079457843841391,
        0.07079457843841391,
        0.07079457843841391,
        0.07079457843841391,
        0.07079457843841391,
        0.07079457843841391,
        0.07079457843841391,
        0.07079457843841391
    ],
    "adv_kl": [
        0.01780654534075904,
        0.01780654534075904,
        0.01780654534075904,
        0.01780654534075904,
        0.01780654534075904,
        0.01780654534075904,
        0.01780654534075904,
        0.01780654534075904
    ],
    "adv_expected_u": [
        5.582199616357244,
        5.582199616357244,
        5.582199616357244,
        5.582199616357244,
        5.582199616357244,
        5.582199616357244,
        5.582199616357244,
        5.582199616357244
    ],
    "average congestion": [
        0.0,
        0.0,
        0.0,
        0.0,
        0.0,
        0.0,
        0.0,
        0.0
    ],
    "average_loss": [
        0.0,
        0.0,
        0.0,
        0.0,
        0.0,
        0.0,
        0.0,
        0.0
    ]
}