{
    "gamma": [
        1000.0,
        2137.9620895022326,
        4570.881896148751,
        9772.372209558112,
        20892.96130854041,
        44668.359215096345,
        95499.25860214369,
        204173.79446695317
    ],
    "total_utility": [
        603.351,
        697.85,
        932.607,
        1077.971,
        1218.027,
        1401.765,
        1496.756,
        1658.199
    ],
    "t_stop": [
        110.782,
        128.151,
        171.321,
        198.065,
        223.914,
        257.396,
        275.095,
        304.976
    ],
    "average_u": [
        5.223727049478892,
        5.2347949524107715,
        5.306826263305913,
        5.293122354531595,
        5.3190423135662295,
        5.343556580690158,
        5.339410510073672,
        5.34728918414412
    ],
    "adv_theta": [
        0.09079457843841392,
        0.09079457843841392,
        0.09079457843841392,
        0.09079457843841392,
        0.09079457843841392,
        0.09079457843841392,
        0.09079457843841392,
        0.09079457843841392
    ],
    "adv_kl": [
        0.02930520645577639,
        0.02930520645577639,
        0.02930520645577639,
        0.02930520645577639,
        0.02930520645577639,
        0.02930520645577639,
        0.02930520645577639,
        0.02930520645577639
    ],
    "adv_expected_u": [
        5.439869136469624,
        5.439869136469624,
        5.439869136469624,
        5.439869136469624,
        5.439869136469624,
        5.439869136469624,
        5.439869136469624,
        5.439869136469624
    ],
    "average congestion": [
        0.0,
        0.0,
        0.0,
        0.0,
        0.0,
        0.0,
        0.0,
        0.0
    ],
    "average_loss": [
        0.0,
        0.0,
        0.0,
        0.0,
        0.0,
        0.0,
        0.0,
        0.0
    ]
}