{
    "gamma": [
        1000.0,
        2137.9620895022326,
        4570.881896148751,
        9772.372209558112,
        20892.96130854041,
        44668.359215096345,
        95499.25860214369,
        204173.79446695317
    ],
    "total_utility": [
        483.204,
        555.232,
        761.393,
        882.951,
        1033.513,
        1109.719,
        1248.806,
        1338.388
    ],
    "t_stop": [
        90.047,
        103.906,
        141.728,
        164.473,
        191.895,
        206.567,
        232.411,
        249.393
    ],
    "average_u": [
        5.107082399823038,
        5.137817188213414,
        5.205955912989943,
        5.216917447996305,
        5.237316280677175,
        5.2469234737686,
        5.255347819554161,
        5.258366471159024
    ],
    "adv_theta": [
        0.10079457843841391,
        0.10079457843841391,
        0.10079457843841391,
        0.10079457843841391,
        0.10079457843841391,
        0.10079457843841391,
        0.10079457843841391,
        0.10079457843841391
    ],
    "adv_kl": [
        0.03609595154247136,
        0.03609595154247136,
        0.03609595154247136,
        0.03609595154247136,
        0.03609595154247136,
        0.03609595154247136,
        0.03609595154247136,
        0.03609595154247136
    ],
    "adv_expected_u": [
        5.368978361107206,
        5.368978361107206,
        5.368978361107206,
        5.368978361107206,
        5.368978361107206,
        5.368978361107206,
        5.368978361107206,
        5.368978361107206
    ],
    "average congestion": [
        0.0,
        0.0,
        0.0,
        0.0,
        0.0,
        0.0,
        0.0,
        0.0
    ],
    "average_loss": [
        0.0,
        0.0,
        0.0,
        0.0,
        0.0,
        0.0,
        0.0,
        0.0
    ]
}