{
    "gamma": [
        1000.0,
        2137.9620895022326,
        4570.881896148751,
        9772.372209558112,
        20892.96130854041,
        44668.359215096345,
        95499.25860214369,
        204173.79446695317
    ],
    "total_utility": [
        77.535,
        76.185,
        112.117,
        119.198,
        128.106,
        139.309,
        153.981,
        173.758
    ],
    "t_stop": [
        18.108,
        18.054,
        26.491,
        28.221,
        30.287,
        32.863,
        36.273,
        41.05
    ],
    "average_u": [
        3.8350207566658736,
        3.774664541026121,
        3.9658392214254916,
        3.9606588664570253,
        3.9437568967186527,
        3.9744412043415496,
        4.018913382444447,
        4.067081351020321
    ],
    "adv_theta": [
        0.07079457843841391,
        0.07079457843841391,
        0.07079457843841391,
        0.07079457843841391,
        0.07079457843841391,
        0.07079457843841391,
        0.07079457843841391,
        0.07079457843841391
    ],
    "adv_kl": [
        1.396922589901022,
        1.396922589901022,
        1.396922589901022,
        1.396922589901022,
        1.396922589901022,
        1.396922589901022,
        1.396922589901022,
        1.396922589901022
    ],
    "adv_expected_u": [
        4.231257013975682,
        4.231257013975682,
        4.231257013975682,
        4.231257013975682,
        4.231257013975682,
        4.231257013975682,
        4.231257013975682,
        4.231257013975682
    ],
    "average congestion": [
        0.0,
        0.0,
        0.0,
        0.0,
        0.0,
        0.0,
        0.0,
        0.0
    ],
    "average_loss": [
        0.0,
        0.0,
        0.0,
        0.0,
        0.0,
        0.0,
        0.0,
        0.0
    ]
}