{
    "gamma": [
        1000.0,
        2137.9620895022326,
        4570.881896148751,
        9772.372209558112,
        20892.96130854041,
        44668.359215096345,
        95499.25860214369,
        204173.79446695317
    ],
    "total_utility": [
        493.966,
        580.249,
        738.876,
        865.02,
        1029.865,
        1096.358,
        1212.718,
        1351.912
    ],
    "t_stop": [
        91.869,
        108.243,
        137.804,
        161.149,
        191.497,
        204.341,
        225.902,
        251.73
    ],
    "average_u": [
        5.1202087090037205,
        5.1369534660705165,
        5.186252315820691,
        5.208377378316593,
        5.250537378827859,
        5.24345303354847,
        5.242022494055611,
        5.2685960406909365
    ],
    "adv_theta": [
        0.10079457843841391,
        0.10079457843841391,
        0.10079457843841391,
        0.10079457843841391,
        0.10079457843841391,
        0.10079457843841391,
        0.10079457843841391,
        0.10079457843841391
    ],
    "adv_kl": [
        0.03609595154247136,
        0.03609595154247136,
        0.03609595154247136,
        0.03609595154247136,
        0.03609595154247136,
        0.03609595154247136,
        0.03609595154247136,
        0.03609595154247136
    ],
    "adv_expected_u": [
        5.368978361107206,
        5.368978361107206,
        5.368978361107206,
        5.368978361107206,
        5.368978361107206,
        5.368978361107206,
        5.368978361107206,
        5.368978361107206
    ]
}