{
    "gamma": [
        1000.0,
        2137.9620895022326,
        4570.881896148751,
        9772.372209558112,
        20892.96130854041,
        44668.359215096345,
        95499.25860214369,
        204173.79446695317
    ],
    "total_utility": [
        581.875,
        670.62,
        907.557,
        1070.078,
        1180.058,
        1331.786,
        1499.587,
        1668.135
    ],
    "t_stop": [
        107.023,
        123.479,
        166.894,
        196.52,
        217.181,
        245.208,
        275.806,
        306.808
    ],
    "average_u": [
        5.215821153197201,
        5.24656777041721,
        5.278276481468191,
        5.287312746192851,
        5.290708583227711,
        5.312910023902281,
        5.336244311794746,
        5.352512209616623
    ],
    "adv_theta": [
        0.09079457843841392,
        0.09079457843841392,
        0.09079457843841392,
        0.09079457843841392,
        0.09079457843841392,
        0.09079457843841392,
        0.09079457843841392,
        0.09079457843841392
    ],
    "adv_kl": [
        0.02930520645577639,
        0.02930520645577639,
        0.02930520645577639,
        0.02930520645577639,
        0.02930520645577639,
        0.02930520645577639,
        0.02930520645577639,
        0.02930520645577639
    ],
    "adv_expected_u": [
        5.439869136469624,
        5.439869136469624,
        5.439869136469624,
        5.439869136469624,
        5.439869136469624,
        5.439869136469624,
        5.439869136469624,
        5.439869136469624
    ],
    "average congestion": [
        0.0,
        0.0,
        0.0,
        0.0,
        0.0,
        0.0,
        0.0,
        0.0
    ],
    "average_loss": [
        0.0,
        0.0,
        0.0,
        0.0,
        0.0,
        0.0,
        0.0,
        0.0
    ]
}