{
    "gamma": [
        1000.0,
        2137.9620895022326,
        4570.881896148751,
        9772.372209558112,
        20892.96130854041,
        44668.359215096345,
        95499.25860214369,
        204173.79446695317
    ],
    "total_utility": [
        571.351,
        690.05,
        920.681,
        1107.84,
        1241.029,
        1397.841,
        1527.67,
        1684.285
    ],
    "t_stop": [
        104.924,
        126.882,
        169.315,
        203.401,
        227.887,
        256.586,
        280.635,
        309.399
    ],
    "average_u": [
        5.227527510672973,
        5.227592595161014,
        5.253916291469868,
        5.30962574693052,
        5.325480725823583,
        5.3146664674361475,
        5.337073907370015,
        5.349542021797928
    ],
    "adv_theta": [
        0.09079457843841392,
        0.09079457843841392,
        0.09079457843841392,
        0.09079457843841392,
        0.09079457843841392,
        0.09079457843841392,
        0.09079457843841392,
        0.09079457843841392
    ],
    "adv_kl": [
        0.02930520645577639,
        0.02930520645577639,
        0.02930520645577639,
        0.02930520645577639,
        0.02930520645577639,
        0.02930520645577639,
        0.02930520645577639,
        0.02930520645577639
    ],
    "adv_expected_u": [
        5.439869136469624,
        5.439869136469624,
        5.439869136469624,
        5.439869136469624,
        5.439869136469624,
        5.439869136469624,
        5.439869136469624,
        5.439869136469624
    ]
}