{
    "gamma": [
        1000.0,
        2137.9620895022326,
        4570.881896148751,
        9772.372209558112,
        20892.96130854041,
        44668.359215096345,
        95499.25860214369,
        204173.79446695317
    ],
    "total_utility": [
        806.953,
        1052.458,
        1458.576,
        1690.09,
        1970.116,
        2197.619,
        2639.56,
        2818.415
    ],
    "t_stop": [
        144.839,
        188.407,
        261.136,
        302.472,
        353.026,
        393.919,
        471.966,
        504.539
    ],
    "average_u": [
        5.383612340035337,
        5.409780923792765,
        5.461028304238189,
        5.433658419761764,
        5.468742454910264,
        5.468076519193353,
        5.508455893705953,
        5.498061837804445
    ],
    "adv_theta": [
        0.07079457843841391,
        0.07079457843841391,
        0.07079457843841391,
        0.07079457843841391,
        0.07079457843841391,
        0.07079457843841391,
        0.07079457843841391,
        0.07079457843841391
    ],
    "adv_kl": [
        0.01780654534075904,
        0.01780654534075904,
        0.01780654534075904,
        0.01780654534075904,
        0.01780654534075904,
        0.01780654534075904,
        0.01780654534075904,
        0.01780654534075904
    ],
    "adv_expected_u": [
        5.582199616357244,
        5.582199616357244,
        5.582199616357244,
        5.582199616357244,
        5.582199616357244,
        5.582199616357244,
        5.582199616357244,
        5.582199616357244
    ],
    "average congestion": [
        0.0,
        0.0,
        0.0,
        0.0,
        0.0,
        0.0,
        0.0,
        0.0
    ],
    "average_loss": [
        0.0,
        0.0,
        0.0,
        0.0,
        0.0,
        0.0,
        0.0,
        0.0
    ]
}