{
    "gamma": [
        1000.0,
        2137.9620895022326,
        4570.881896148751,
        9772.372209558112,
        20892.96130854041,
        44668.359215096345,
        95499.25860214369,
        204173.79446695317
    ],
    "total_utility": [
        494.064,
        589.859,
        768.283,
        900.261,
        933.557,
        1119.558,
        1218.697,
        1359.195
    ],
    "t_stop": [
        91.978,
        109.862,
        142.882,
        167.384,
        174.414,
        208.337,
        226.869,
        253.118
    ],
    "average_u": [
        5.1173346666611215,
        5.158976280606525,
        5.176596402662716,
        5.214997272612323,
        5.210485928662764,
        5.250827902906509,
        5.244837906242142,
        5.265797554120061
    ],
    "adv_theta": [
        0.10079457843841391,
        0.10079457843841391,
        0.10079457843841391,
        0.10079457843841391,
        0.10079457843841391,
        0.10079457843841391,
        0.10079457843841391,
        0.10079457843841391
    ],
    "adv_kl": [
        0.03609595154247136,
        0.03609595154247136,
        0.03609595154247136,
        0.03609595154247136,
        0.03609595154247136,
        0.03609595154247136,
        0.03609595154247136,
        0.03609595154247136
    ],
    "adv_expected_u": [
        5.368978361107206,
        5.368978361107206,
        5.368978361107206,
        5.368978361107206,
        5.368978361107206,
        5.368978361107206,
        5.368978361107206,
        5.368978361107206
    ],
    "average congestion": [
        0.0,
        0.0,
        0.0,
        0.0,
        0.0,
        0.0,
        0.0,
        0.0
    ],
    "average_loss": [
        0.0,
        0.0,
        0.0,
        0.0,
        0.0,
        0.0,
        0.0,
        0.0
    ]
}