{
    "gamma": [
        1000.0,
        2137.9620895022326,
        4570.881896148751,
        9772.372209558112,
        20892.96130854041,
        44668.359215096345,
        95499.25860214369,
        204173.79446695317
    ],
    "total_utility": [
        3809.882,
        5160.092,
        19086.12,
        34910.503,
        52043.399,
        71692.675,
        132600.159,
        339003.763
    ],
    "t_stop": [
        626.693,
        849.086,
        3139.384,
        5738.639,
        8554.365,
        11784.21,
        21794.897,
        55731.226
    ],
    "average_u": [
        6.000620736967566,
        6.011121714869003,
        6.042259563832075,
        6.055184471997361,
        6.065610566449541,
        6.072897999458532,
        6.081322267854186,
        6.080619082954214
    ]
}