{
    "gamma": [
        1000.0,
        2137.9620895022326,
        4570.881896148751,
        9772.372209558112,
        20892.96130854041,
        44668.359215096345,
        95499.25860214369,
        204173.79446695317
    ],
    "total_utility": [
        821.306,
        1062.279,
        1556.412,
        1714.741,
        1965.131,
        2348.668,
        2488.4,
        2895.759
    ],
    "t_stop": [
        147.163,
        189.954,
        278.152,
        307.266,
        351.959,
        420.078,
        446.098,
        518.156
    ],
    "average_u": [
        5.374799839618954,
        5.432511207097146,
        5.456551949677106,
        5.446505398637711,
        5.475050522494571,
        5.504736803658012,
        5.5032282711004665,
        5.510124440473377
    ],
    "adv_theta": [
        0.07079457843841391,
        0.07079457843841391,
        0.07079457843841391,
        0.07079457843841391,
        0.07079457843841391,
        0.07079457843841391,
        0.07079457843841391,
        0.07079457843841391
    ],
    "adv_kl": [
        0.01780654534075904,
        0.01780654534075904,
        0.01780654534075904,
        0.01780654534075904,
        0.01780654534075904,
        0.01780654534075904,
        0.01780654534075904,
        0.01780654534075904
    ],
    "adv_expected_u": [
        5.582199616357244,
        5.582199616357244,
        5.582199616357244,
        5.582199616357244,
        5.582199616357244,
        5.582199616357244,
        5.582199616357244,
        5.582199616357244
    ]
}