{
    "gamma": [
        1000.0,
        2137.9620895022326,
        4570.881896148751,
        9772.372209558112,
        20892.96130854041,
        44668.359215096345,
        95499.25860214369,
        204173.79446695317
    ],
    "total_utility": [
        59.141,
        64.053,
        100.084,
        106.102,
        110.974,
        117.757,
        133.456,
        155.704
    ],
    "t_stop": [
        14.171,
        15.38,
        23.918,
        25.382,
        26.678,
        28.27,
        32.006,
        37.237
    ],
    "average_u": [
        3.650480588535297,
        3.714360469931662,
        3.8675736904703326,
        3.8561846107680804,
        3.864048186736087,
        3.8585880122485237,
        3.913035606685051,
        3.968805982292697
    ],
    "adv_theta": [
        0.07079457843841391,
        0.07079457843841391,
        0.07079457843841391,
        0.07079457843841391,
        0.07079457843841391,
        0.07079457843841391,
        0.07079457843841391,
        0.07079457843841391
    ],
    "adv_kl": [
        1.1067534441046678,
        1.1067534441046678,
        1.1067534441046678,
        1.1067534441046678,
        1.1067534441046678,
        1.1067534441046678,
        1.1067534441046678,
        1.1067534441046678
    ],
    "adv_expected_u": [
        4.163173996876859,
        4.163173996876859,
        4.163173996876859,
        4.163173996876859,
        4.163173996876859,
        4.163173996876859,
        4.163173996876859,
        4.163173996876859
    ],
    "average congestion": [
        0.0,
        0.0,
        0.0,
        0.0,
        0.0,
        0.0,
        0.0,
        0.0
    ],
    "average_loss": [
        0.0,
        0.0,
        0.0,
        0.0,
        0.0,
        0.0,
        0.0,
        0.0
    ]
}