{
    "gamma": [
        1000.0,
        2137.9620895022326,
        4570.881896148751,
        9772.372209558112,
        20892.96130854041,
        44668.359215096345,
        95499.25860214369,
        204173.79446695317
    ],
    "total_utility": [
        834.853,
        1050.498,
        1422.101,
        1750.842,
        2055.004,
        2343.504,
        2522.416,
        2773.945
    ],
    "t_stop": [
        149.73,
        188.222,
        254.986,
        313.552,
        367.657,
        419.004,
        451.659,
        497.02
    ],
    "average_u": [
        5.394235568560509,
        5.380362239113938,
        5.4186237105508095,
        5.4656256766382025,
        5.483662274436554,
        5.5015349425217535,
        5.504373709642951,
        5.502177197965459
    ],
    "adv_theta": [
        0.07079457843841391,
        0.07079457843841391,
        0.07079457843841391,
        0.07079457843841391,
        0.07079457843841391,
        0.07079457843841391,
        0.07079457843841391,
        0.07079457843841391
    ],
    "adv_kl": [
        0.01780654534075904,
        0.01780654534075904,
        0.01780654534075904,
        0.01780654534075904,
        0.01780654534075904,
        0.01780654534075904,
        0.01780654534075904,
        0.01780654534075904
    ],
    "adv_expected_u": [
        5.582199616357244,
        5.582199616357244,
        5.582199616357244,
        5.582199616357244,
        5.582199616357244,
        5.582199616357244,
        5.582199616357244,
        5.582199616357244
    ],
    "average congestion": [
        0.0,
        0.0,
        0.0,
        0.0,
        0.0,
        0.0,
        0.0,
        0.0
    ],
    "average_loss": [
        0.0,
        0.0,
        0.0,
        0.0,
        0.0,
        0.0,
        0.0,
        0.0
    ]
}