{
    "gamma": [
        1000.0,
        2137.9620895022326,
        4570.881896148751,
        9772.372209558112,
        20892.96130854041,
        44668.359215096345,
        95499.25860214369,
        204173.79446695317
    ],
    "total_utility": [
        81.321,
        90.013,
        148.431,
        164.048,
        180.736,
        184.658,
        210.152,
        265.738
    ],
    "t_stop": [
        17.68,
        19.517,
        32.505,
        35.725,
        39.306,
        40.389,
        45.842,
        57.802
    ],
    "average_u": [
        4.037407208702777,
        4.10081211633949,
        4.232395203786901,
        4.24165048264685,
        4.257889971086653,
        4.2414227643342945,
        4.273236014432448,
        4.394125303188638
    ],
    "adv_theta": [
        0.07079457843841391,
        0.07079457843841391,
        0.07079457843841391,
        0.07079457843841391,
        0.07079457843841391,
        0.07079457843841391,
        0.07079457843841391,
        0.07079457843841391
    ],
    "adv_kl": [
        1.0073322659288453,
        1.0073322659288453,
        1.0073322659288453,
        1.0073322659288453,
        1.0073322659288453,
        1.0073322659288453,
        1.0073322659288453,
        1.0073322659288453
    ],
    "adv_expected_u": [
        4.587407619878908,
        4.587407619878908,
        4.587407619878908,
        4.587407619878908,
        4.587407619878908,
        4.587407619878908,
        4.587407619878908,
        4.587407619878908
    ],
    "average congestion": [
        0.0,
        0.0,
        0.0,
        0.0,
        0.0,
        0.0,
        0.0,
        0.0
    ],
    "average_loss": [
        0.0,
        0.0,
        0.0,
        0.0,
        0.0,
        0.0,
        0.0,
        0.0
    ]
}