{
    "gamma": [
        1000.0,
        2137.9620895022326,
        4570.881896148751,
        9772.372209558112,
        20892.96130854041,
        44668.359215096345,
        95499.25860214369,
        204173.79446695317
    ],
    "total_utility": [
        578.4,
        707.781,
        931.023,
        1054.592,
        1242.459,
        1361.059,
        1592.134,
        1644.98
    ],
    "t_stop": [
        106.48,
        129.956,
        171.006,
        194.21,
        228.291,
        250.13,
        291.912,
        302.512
    ],
    "average_u": [
        5.214254167040741,
        5.254716677312395,
        5.278408973409333,
        5.281693438857694,
        5.315390012161446,
        5.332266078955019,
        5.354212585618712,
        5.336208254169079
    ],
    "adv_theta": [
        0.09079457843841392,
        0.09079457843841392,
        0.09079457843841392,
        0.09079457843841392,
        0.09079457843841392,
        0.09079457843841392,
        0.09079457843841392,
        0.09079457843841392
    ],
    "adv_kl": [
        0.02930520645577639,
        0.02930520645577639,
        0.02930520645577639,
        0.02930520645577639,
        0.02930520645577639,
        0.02930520645577639,
        0.02930520645577639,
        0.02930520645577639
    ],
    "adv_expected_u": [
        5.439869136469624,
        5.439869136469624,
        5.439869136469624,
        5.439869136469624,
        5.439869136469624,
        5.439869136469624,
        5.439869136469624,
        5.439869136469624
    ],
    "average congestion": [
        0.0,
        0.0,
        0.0,
        0.0,
        0.0,
        0.0,
        0.0,
        0.0
    ],
    "average_loss": [
        0.0,
        0.0,
        0.0,
        0.0,
        0.0,
        0.0,
        0.0,
        0.0
    ]
}